lr,gamma,nms_thresh,batch_size,image_size,mAP
0.0001,0.1,0.6,16,640,0.1279369689384453
0.0001,0.1,0.8,16,640,0.3687147687354482
0.0001,0.5,0.6,16,640,0.08098221800551787
0.0001,0.5,0.8,16,640,0.09697355013385363
0.001,0.1,0.6,16,640,4.4770477950747605
0.001,0.1,0.8,16,640,4.403970967113016
0.001,0.5,0.6,16,640,3.403068399278348
0.001,0.5,0.8,16,640,4.225961214222909
0.01,0.1,0.6,16,640,3.296460930870529
0.01,0.1,0.8,16,640,3.374844947542658
0.01,0.5,0.6,16,640,3.425096598243464
0.01,0.5,0.8,16,640,2.9482058460070117
