fitness,lr0,momentum,weight_decay,hsv_h,hsv_s,hsv_v,scale,box
0.08756,0.01,0.937,0.0005,0.015,0.7,0.4,0.5,0.2
0.06609,0.00986,0.937,0.00043,0.01482,0.7,0.42274,0.71942,0.2
0.06944,0.0101,0.937,0.00048,0.0152,0.69433,0.4,0.46194,0.2
0.08426,0.00674,0.937,0.0005,0.015,0.54207,0.32365,0.58578,0.2
0.06915,0.01,0.95176,0.00036,0.01864,0.7,0.41018,0.41313,0.2
0.07135,0.01,0.937,0.00042,0.01441,0.67517,0.4,0.52454,0.2
0.0722,0.00681,0.93005,0.0005,0.01509,0.53824,0.32365,0.57673,0.19435
0.06879,0.01,0.937,0.0005,0.01582,0.60117,0.42314,0.51762,0.2
0.07182,0.01,0.92296,0.0005,0.01311,0.75765,0.33544,0.53535,0.2
0.05214,0.01189,0.83156,0.0005,0.01487,0.69378,0.4,0.41973,0.19549
0.05817,0.00805,0.75768,0.00046,0.01234,0.54207,0.37394,0.59078,0.18413
0.05484,0.01,0.98,0.00046,0.015,0.78118,0.41383,0.53936,0.19083
0.10418,0.00662,0.94203,0.00044,0.01509,0.4986,0.32365,0.57673,0.18927
0.07529,0.00641,0.97641,0.00044,0.01451,0.46255,0.3431,0.54178,0.18622
0.0939,0.00663,0.9365,0.00044,0.01518,0.4998,0.32288,0.58111,0.1873
0.0912,0.00654,0.90892,0.00044,0.01518,0.48541,0.33542,0.58245,0.1873
0.08179,0.00664,0.93563,0.00044,0.01479,0.49208,0.32365,0.56799,0.18759
0.06469,0.0062,0.69514,0.00044,0.0153,0.39435,0.39711,0.59827,0.2
0.07827,0.00662,0.98,0.00035,0.01473,0.55032,0.29878,0.4169,0.2
0.07822,0.00638,0.956,0.00039,0.01519,0.4986,0.35552,0.58912,0.2
0.08895,0.00685,0.93374,0.00045,0.01479,0.49494,0.32288,0.58111,0.2
0.07443,0.00769,0.9138,0.00041,0.01142,0.46914,0.33542,0.52971,0.19124
0.09324,0.00621,0.94428,0.00045,0.01567,0.53576,0.3355,0.53624,0.189
0.09058,0.00626,0.93676,0.00045,0.01589,0.538,0.34087,0.53738,0.18869
0.09189,0.00662,0.94203,0.00044,0.01509,0.49845,0.32353,0.57693,0.18922
0.10447,0.00663,0.9517,0.00044,0.01512,0.49883,0.32177,0.57373,0.18927
0.08896,0.00686,0.96761,0.00043,0.01462,0.47689,0.27961,0.56076,0.18927
0.07496,0.00695,0.95676,0.0004,0.01567,0.48141,0.32177,0.54995,0.18927
0.08932,0.00484,0.98,0.00048,0.01387,0.4466,0.32365,0.62943,0.14855
0.08426,0.00662,0.94203,0.00053,0.01568,0.45371,0.31971,0.47753,0.18128
0.07764,0.00712,0.9517,0.00044,0.01529,0.49883,0.32177,0.57373,0.18927
0.08682,0.00662,0.95016,0.00044,0.01513,0.49883,0.32176,0.57373,0.18969
0.09275,0.0062,0.94203,0.00045,0.01509,0.45367,0.30739,0.5993,0.18126
0.09555,0.00662,0.94319,0.00047,0.01507,0.53514,0.3067,0.56073,0.18927
0.0971,0.00629,0.90169,0.00048,0.01368,0.52787,0.3274,0.48145,0.18765
0.1123,0.00662,0.94712,0.00049,0.01552,0.62339,0.33938,0.56508,0.19525
0.08643,0.00646,0.93104,0.00049,0.01513,0.62035,0.341,0.555,0.19741
0.09069,0.00729,0.84148,0.00052,0.01482,0.62339,0.3624,0.6431,0.17103
0.08163,0.00676,0.80091,0.00047,0.01562,0.62339,0.33938,0.46384,0.19525
0.06364,0.00718,0.98,0.00043,0.01386,0.51184,0.34428,0.52209,0.19054
0.12513,0.00586,0.87839,0.00043,0.01552,0.66107,0.33938,0.56508,0.2
0.09966,0.00442,0.81826,0.00043,0.01591,0.70952,0.33938,0.41905,0.17098
0.06599,0.00623,0.98,0.00042,0.01695,0.71016,0.30778,0.64423,0.19969
0.12578,0.00546,0.91092,0.00043,0.01491,0.66737,0.35556,0.56508,0.2
0.10721,0.00498,0.92631,0.00048,0.01552,0.66107,0.35049,0.57745,0.2
0.0845,0.00577,0.91092,0.00036,0.01491,0.64553,0.34164,0.51941,0.2
0.12763,0.00454,0.98,0.00051,0.01491,0.66737,0.30154,0.56508,0.18434
0.1086,0.00619,0.91092,0.00049,0.01939,0.63825,0.27194,0.56508,0.13513
0.15831,0.00331,0.91099,0.0005,0.01485,0.66737,0.43406,0.48518,0.2
0.08637,0.006,0.91092,0.00041,0.01623,0.77234,0.36429,0.56508,0.2
